congress_num,election_year,state,st_abbrev,fips,STATEFP,district,CD115FP,GEOID,name,party,fec_candidate_id,url,fin_total_receipt,fin_total_disbursement,employment,annual_payroll_in_1000,num_of_establishment
116,2018,Alaska,AK,2,2,0,0,200,Don Young,REP,H6AK00045,http://alaskansfordonyoung.com/,1041380,1159940,266072,15239195,21077
116,2018,Alabama,AL,1,1,1,1,101,Bradley Byrne,REP,H4AL01123,https://www.byrneforcongress.com/,1325140,662806,236720,9449314,15611
116,2018,Alabama,AL,1,1,2,2,102,Martha Roby,REP,H0AL02087,http://martharoby.com/,2506890,2100810,215224,8266520,14252
116,2018,Alabama,AL,1,1,3,3,103,Mike Rogers,REP,H2AL03032,http://www.mikerogersforcongress.com/,1219670,857764,179100,6150074,11510
116,2018,Alabama,AL,1,1,4,4,104,Robert Aderholt,REP,H6AL04098,http://aderholtforcongress.org/,1487010,853026,188796,6497936,12538
116,2018,Alabama,AL,1,1,5,5,105,Mo Brooks,REP,H0AL05163,http://mobrooksforcongress.com/,1474730,1876240,255797,11465689,15137
116,2018,Alabama,AL,1,1,6,6,106,Gary Palmer,REP,H4AL06098,http://palmerforalabama.com/,1187160,1318790,251622,11806559,16197
116,2018,Alabama,AL,1,1,7,7,107,Terri Sewell,DEM,H0AL07086,http://www.sewellforcongress.com/,1634560,1028350,287267,13460524,13840
116,2018,Arkansas,AR,5,5,1,1,501,Rick Crawford,REP,H0AR01083,http://www.meetrickcrawford.com/,974708,766218,192289,6526430,13855
116,2018,Arkansas,AR,5,5,2,2,502,French Hill,REP,H4AR02141,https://www.electfrench.com/,2724800,2843740,294396,12284595,18848
116,2018,Arkansas,AR,5,5,3,3,503,Steve Womack,REP,H0AR03055,http://womackforcongress.com/,1096640,1063570,328502,15048329,18788
116,2018,Arkansas,AR,5,5,4,4,504,Bruce Westerman,REP,H4AR04048,https://www.brucewesterman.com/,1574700,960858,186615,6504135,13748
116,2018,Arizona,AZ,4,4,1,1,401,Tom O'Halleran,DEM,H6AZ01199,http://www.tomohalleran.com/,2408830,2023000,166416,6415346,11927
116,2018,Arizona,AZ,4,4,2,2,402,Ann Kirkpatrick,DEM,H8AZ02151,https://www.kirkpatrickforcongress.com/,4087160,3275820,217943,7971798,15397
116,2018,Arizona,AZ,4,4,3,3,403,Raúl Grijalva,DEM,H2AZ07070,http://www.standwithraul.com/,645538,591169,165199,6620802,9888
116,2018,Arizona,AZ,4,4,4,4,404,Paul Gosar,REP,H0AZ01259,http://drpaulgosar.com/,537362,442051,141929,4689523,12645
116,2018,Arizona,AZ,4,4,5,5,405,Andy Biggs,REP,H6AZ05083,https://biggsforcongress.com/,765153,531105,187758,7590440,14439
116,2018,Arizona,AZ,4,4,6,6,406,David Schweikert,REP,H4AZ06045,https://davidschweikert.com/,1687400,1472420,379927,19555511,24973
116,2018,Arizona,AZ,4,4,7,7,407,Ruben Gallego,DEM,H4AZ07043,https://gallegoforarizona.com/,972420,871342,387001,19479408,14033
116,2018,Arizona,AZ,4,4,8,8,408,Debbie Lesko,REP,H8AZ08158,http://www.debbieleskoforcongress.com/,1906380,1541970,152527,5319119,11511
116,2018,Arizona,AZ,4,4,9,9,409,Greg Stanton,DEM,H8AZ09040,http://stantonforarizona.com/,2317900,2159070,475935,24709778,23646
116,2018,California,CA,6,6,1,1,601,Doug LaMalfa,REP,H2CA02142,http://www.douglamalfa.com/,928930,785602,171410,6765690,15365
116,2018,California,CA,6,6,10,10,610,Josh Harder,DEM,H8CA10126,https://www.harderforcongress.com/,7051820,6209200,190329,8414164,12185
116,2018,California,CA,6,6,11,11,611,Mark DeSaulnier,DEM,H0CA10073,http://desaulnierforcongress.com/,543869,438544,230676,13861319,16983
116,2018,California,CA,6,6,12,12,612,Nancy Pelosi,DEM,H8CA05035,https://www.pelosiforcongress.org/,4096320,4581440,613587,59999461,32718
116,2018,California,CA,6,6,13,13,613,Barbara Lee,DEM,H8CA09060,http://barbaraleeforcongress.org/,1664780,1589340,300945,19733986,19174
116,2018,California,CA,6,6,14,14,614,Jackie Speier,DEM,H8CA12171,http://www.jackiespeier.org/,903522,598202,351648,37628529,19454
116,2018,California,CA,6,6,15,15,615,Eric Swalwell,DEM,H2CA15094,https://www.swalwellforcongress.com/,2812370,2181950,289706,21236353,16997
116,2018,California,CA,6,6,16,16,616,Jim Costa,DEM,H4CA20082,http://www.jimcosta.com/,1697690,1913600,149720,6271829,9102
116,2018,California,CA,6,6,17,17,617,Ro Khanna,DEM,H4CA12055,http://www.rokhanna.com/,2643300,1774850,562421,68100168,21411
116,2018,California,CA,6,6,18,18,618,Anna Eshoo,DEM,H8CA12098,http://annaeshoo4congress.com/,1342830,1164440,404129,46636795,22079
116,2018,California,CA,6,6,19,19,619,Zoe Lofgren,DEM,H4CA16049,http://lofgrenforcongress.com,1603310,1727330,202572,13439877,13930
116,2018,California,CA,6,6,2,2,602,Jared Huffman,DEM,H2CA06259,http://jaredhuffman.com/,876954,655812,226752,11976222,21721
116,2018,California,CA,6,6,20,20,620,Jimmy Panetta,DEM,H6CA20152,https://jimmypanetta.com/,1122440,672326,200289,8920185,16384
116,2018,California,CA,6,6,21,21,621,TJ Cox,DEM,H8CA10167,https://tjcoxforcongress.com/,2499790,2268250,105964,4211383,6911
116,2018,California,CA,6,6,22,22,622,Devin Nunes,REP,H8CA20059,https://www.devinnunes.com/,11718400,9943510,208974,8407522,14384
116,2018,California,CA,6,6,23,23,623,Kevin McCarthy,REP,H6CA22125,https://www.mccarthyforcongress.com/,7748220,7103390,186208,7943420,12055
116,2018,California,CA,6,6,24,24,624,Salud Carbajal,DEM,H6CA24303,https://saludcarbajal.com/,2656970,1521780,242652,11375323,20372
116,2018,California,CA,6,6,25,25,625,Katie Hill,DEM,H8CA25074,https://www.katiehillforcongress.com/,7310760,5933220,161652,6772718,12375
116,2018,California,CA,6,6,26,26,626,Julia Brownley,DEM,H2CA00120,http://juliabrownley.com/,2484480,1615380,242372,13299946,18932
116,2018,California,CA,6,6,27,27,627,Judy Chu,DEM,H0CA32101,http://judychu.org/,1317610,818392,254910,12957792,21984
116,2018,California,CA,6,6,28,28,628,Adam Schiff,DEM,H0CA27085,https://adamschiff.com/,5904770,3438990,337666,18736830,25077
116,2018,California,CA,6,6,29,29,629,Tony Cárdenas,DEM,H2CA28113,http://www.tonycardenasforcongress.com/,1410680,1330020,171756,8011541,12253
116,2018,California,CA,6,6,3,3,603,John Garamendi,DEM,H0CA10149,http://www.garamendi.org/,1045180,780424,165851,7446447,11822
116,2018,California,CA,6,6,30,30,630,Brad Sherman,DEM,H6CA24113,http://bradsherman.com/,1203500,508611,391843,19320288,30390
116,2018,California,CA,6,6,31,31,631,Pete Aguilar,DEM,H2CA31125,http://www.peteaguilar.com/,2589120,2113920,240722,10291542,13186
116,2018,California,CA,6,6,32,32,632,Grace Napolitano,DEM,H8CA34068,http://napolitanoforcongress.com/,366453,174202,246743,11325710,15315
116,2018,California,CA,6,6,33,33,633,Ted Lieu,DEM,H4CA33119,http://www.tedlieu.com/,1693800,925308,508491,38146705,40750
116,2018,California,CA,6,6,34,34,634,Jimmy Gomez,DEM,H8CA34266,https://jimmygomezforcongress.com/,1486310,1345400,349223,22693117,23945
116,2018,California,CA,6,6,35,35,635,Norma Torres,DEM,H4CA35031,http://www.normatorres.com/,604143,562285,260410,11764501,13495
116,2018,California,CA,6,6,36,36,636,Raul Ruiz,DEM,H2CA36439,http://drraulruiz.com/,3043150,2129720,169377,5989491,12438
116,2018,California,CA,6,6,37,37,637,Karen Bass,DEM,H0CA33117,http://www.karenbass.com/,803301,745933,295656,19211561,21475
116,2018,California,CA,6,6,38,38,638,Linda Sánchez,DEM,H2CA39078,https://voteforlinda.com/,1659810,1326940,243609,10757767,14810
116,2018,California,CA,6,6,39,39,639,Gil Cisneros,DEM,H8CA39174,cisnerosforcongress.com/,11147200,10515000,257648,11940797,19665
116,2018,California,CA,6,6,4,4,604,Tom McClintock,REP,H8CA04152,http://tommcclintock.com/,1616120,1471170,222875,10421957,18682
116,2018,California,CA,6,6,40,40,640,Lucille Roybal-Allard,DEM,H2CA33048,http://www.lucilleforcongress.org/,500861,489820,211391,9116839,11400
116,2018,California,CA,6,6,41,41,641,Mark Takano,DEM,H2CA43245,https://marktakano.com/,1024670,890526,184914,7571227,10126
116,2018,California,CA,6,6,42,42,642,Ken Calvert,REP,H2CA37023,https://www.calvertforcongress.com/,1423930,1507580,155850,6339570,11740
116,2018,California,CA,6,6,43,43,643,Maxine Waters,DEM,H4CA23011,maxinewatersforcongress.com,1310950,890706,291799,15274009,15217
116,2018,California,CA,6,6,44,44,644,Nanette Barragán,DEM,H6CA44103,http://barraganforcongress.com/,1449580,814786,163841,7775026,8735
116,2018,California,CA,6,6,45,45,645,Katie Porter,DEM,H8CA45130,http://katieporter.com/,5868500,5357650,413301,29007637,26021
116,2018,California,CA,6,6,46,46,646,Lou Correa,DEM,H6CA46116,http://www.loucorrea.com/,1042790,458661,392810,18892153,18049
116,2018,California,CA,6,6,47,47,647,Alan Lowenthal,DEM,H2CA00104,http://alanlowenthal.com/,692822,537257,243080,12344945,15770
116,2018,California,CA,6,6,48,48,648,Harley Rouda,DEM,H8CA48035,https://www.harleyforcongress.com/,7368720,6640120,327565,19507963,25408
116,2018,California,CA,6,6,49,49,649,Mike Levin,DEM,H8CA49058,https://mikelevin.org/,5587110,4757470,276231,15097424,21754
116,2018,California,CA,6,6,5,5,605,Mike Thompson,DEM,H8CA01109,http://www.mikethompsonforcongress.com/,1956380,1867920,234849,12433994,17266
116,2018,California,CA,6,6,50,50,650,Duncan D. Hunter,REP,H8CA52052,https://hunterforcongress.com/,1093000,1606800,200829,7877190,16313
116,2018,California,CA,6,6,51,51,651,Juan Vargas,DEM,H2CA50026,https://votevargas.com/,831195,750274,141209,5174788,10343
116,2018,California,CA,6,6,52,52,652,Scott Peters,DEM,H2CA52089,http://www.scottpeters.com/,2683870,1495390,525065,36032894,29498
116,2018,California,CA,6,6,53,53,653,Susan Davis,DEM,H0CA49055,http://www.susandavisforcongress.com/,390550,449134,234195,10678743,16279
116,2018,California,CA,6,6,6,6,606,Doris Matsui,DEM,H6CA05195,http://www.matsuiforcongress.com/,1019540,1047110,263366,13492461,15582
116,2018,California,CA,6,6,7,7,607,Ami Bera,DEM,H0CA03078,http://www.beraforcongress.com/,2809120,1387700,213587,11860894,13795
116,2018,California,CA,6,6,8,8,608,Paul Cook,REP,H2CA08164,http://joinpaulcook.com/,927054,1061810,116450,4035595,9402
116,2018,California,CA,6,6,9,9,609,Jerry McNerney,DEM,H4CA11081,http://jerrymcnerney.org/,1157020,732444,159812,7215345,10777
116,2018,Colorado,CO,8,8,1,1,801,Diana DeGette,DEM,H6CO01141,https://degette.com/,1215020,1131640,496227,28878089,29618
116,2018,Colorado,CO,8,8,2,2,802,Joe Neguse,DEM,H8CO02160,https://www.joeneguseforcongress.com/,1205530,976091,356951,18241295,30011
116,2018,Colorado,CO,8,8,3,3,803,Scott Tipton,REP,H6CO03139,https://www.votetipton.com/,1469790,1370070,252456,9777300,25551
116,2018,Colorado,CO,8,8,4,4,804,Ken Buck,REP,H4CO04090,buckforcolorado.com,589639,598853,241416,12338851,19686
116,2018,Colorado,CO,8,8,5,5,805,Doug Lamborn,REP,H6CO05159,lambornforcongress.org,669736,753467,255960,11176491,19829
116,2018,Colorado,CO,8,8,6,6,806,Jason Crow,DEM,H8CO06229,jasoncrowforcongress.com/,5102810,4505290,326513,19111742,20336
116,2018,Colorado,CO,8,8,7,7,807,Ed Perlmutter,DEM,H6CO07023,perlmutterforcolorado.com,1789530,1388520,269887,12820694,19500
116,2018,Connecticut,CT,9,9,1,1,901,John B. Larson,DEM,H8CT01046,http://larsonforcongress.org/,1568980,1517750,377872,22700042,18540
116,2018,Connecticut,CT,9,9,2,2,902,Joe Courtney,DEM,H2CT02112,http://www.joecourtney.com/,1053660,850917,215723,9871541,14386
116,2018,Connecticut,CT,9,9,3,3,903,Rosa DeLauro,DEM,H0CT03072,http://www.rosadelauro.com/,1207120,1141490,308835,16066503,16503
116,2018,Connecticut,CT,9,9,4,4,904,Jim Himes,DEM,H8CT04172,https://www.himesforcongress.com/,1919550,1383610,336223,30204132,21896
116,2018,Connecticut,CT,9,9,5,5,905,Jahana Hayes,DEM,H8CT05245,https://www.jahanahayes.com/,1608360,800963,267494,14077634,17551
116,2018,Delaware,DE,10,10,0,0,1000,Lisa Blunt Rochester,DEM,H6DE00206,https://lisabluntrochester.com/,1204310,967958,400069,21196371,25366
116,2018,Florida,FL,12,12,1,1,1201,Matt Gaetz,REP,H6FL01119,http://mattgaetz.com/,1150150,989519,208689,8022382,16955
116,2018,Florida,FL,12,12,10,10,1210,Val Demings,DEM,H2FL08063,http://www.valdemings.com/,783433,789532,479029,19618829,22907
116,2018,Florida,FL,12,12,11,11,1211,Daniel Webster,REP,H0FL08208,http://www.electwebster.com/,568412,441355,140927,4728339,12340
116,2018,Florida,FL,12,12,12,12,1212,Gus Bilirakis,REP,H6FL09070,http://bilirakisforcongress.com/,1855710,1555350,168479,6087297,16550
116,2018,Florida,FL,12,12,13,13,1213,Charlie Crist,DEM,H6FL13205,https://charliecrist.com/,3309510,1479300,301078,13729500,21271
116,2018,Florida,FL,12,12,14,14,1214,Kathy Castor,DEM,H6FL11126,http://www.castorforcongress.com/,721653,630911,424550,22163919,24612
116,2018,Florida,FL,12,12,15,15,1215,Ross Spano,REP,H8FL15230,http://www.rossspano.com/,587720,519284,256097,10638654,16463
116,2018,Florida,FL,12,12,16,16,1216,Vern Buchanan,REP,H6FL13148,https://www.vernbuchanan.com/,2792680,3800760,229239,9282636,21196
116,2018,Florida,FL,12,12,17,17,1217,Greg Steube,REP,H8FL17053,https://www.electgregsteube.com/,782125,598442,137652,4846397,13760
116,2018,Florida,FL,12,12,18,18,1218,Brian Mast,REP,H6FL18097,https://www.mastforcongress.com/,5373900,4557500,223989,9674944,21571
116,2018,Florida,FL,12,12,19,19,1219,Francis Rooney,REP,H6FL19087,http://francisrooney.com/,699780,896068,300371,12245813,25537
116,2018,Florida,FL,12,12,2,2,1202,Neal Dunn,REP,H6FL02208,https://www.nealdunn.com/,1329410,935092,173017,6191323,14940
116,2018,Florida,FL,12,12,20,20,1220,Alcee Hastings,DEM,H2FL23021,http://alceeforcongress.com/,758646,781693,255643,12014425,17351
116,2018,Florida,FL,12,12,21,21,1221,Lois Frankel,DEM,H2FL14053,https://loisfrankelforcongress.com/,931541,770982,201112,8272292,21658
116,2018,Florida,FL,12,12,22,22,1222,Ted Deutch,DEM,H0FL19080,http://www.tedforcongress.com/,1208550,1019900,351980,17616621,33420
116,2018,Florida,FL,12,12,23,23,1223,Debbie Wasserman Schultz,DEM,H4FL20023,https://www.debbiewassermanschultz.com/,2011650,1616330,295718,13511293,26148
116,2018,Florida,FL,12,12,24,24,1224,Frederica Wilson,DEM,H0FL17068,http://www.fredericawilsonforcongress.com/,346352,317561,213698,9344369,16401
116,2018,Florida,FL,12,12,25,25,1225,Mario Diaz-Balart,REP,H2FL25018,http://www.mariodiazbalart.com/,2145380,1941840,333224,15038123,26169
116,2018,Florida,FL,12,12,26,26,1226,Debbie Mucarsel-Powell,DEM,H8FL26039,https://debbiemucarselpowell.com/,3767710,3551100,131696,4538373,15223
116,2018,Florida,FL,12,12,27,27,1227,Donna Shalala,DEM,H8FL27193,https://donnashalala.com/,3659880,3200730,354819,19424578,32348
116,2018,Florida,FL,12,12,3,3,1203,Ted Yoho,REP,H2FL06109,https://www.tedyoho.com/,818106,596302,216562,8032976,16478
116,2018,Florida,FL,12,12,4,4,1204,John Rutherford,REP,H6FL04105,http://www.votejohnrutherford.com/,807644,350790,355941,16502693,23983
116,2018,Florida,FL,12,12,5,5,1205,Al Lawson,DEM,H0FL02086,http://www.allawson.com/,613388,588881,231147,9979470,14651
116,2018,Florida,FL,12,12,6,6,1206,Michael Waltz,REP,H8FL06148,https://www.michaelwaltz.com/,1866980,1605900,181257,6177725,16927
116,2018,Florida,FL,12,12,7,7,1207,Stephanie Murphy,DEM,H6FL07140,http://www.stephaniemurphyforcongress.com/,3046540,2305960,341794,16649625,24259
116,2018,Florida,FL,12,12,8,8,1208,Bill Posey,REP,H8FL15107,http://billposey.com/,878420,777338,219142,9226697,18379
116,2018,Florida,FL,12,12,9,9,1209,Darren Soto,DEM,H6FL09179,https://www.darrensoto.com/,1412660,1355930,193190,7103442,13478
116,2018,Georgia,GA,13,13,1,1,1301,Buddy Carter,REP,H4GA01039,http://buddycarterforcongress.com/,1924730,1124580,230310,8921698,15774
116,2018,Georgia,GA,13,13,10,10,1310,Jody Hice,REP,H0GA07125,http://www.jodyhice.com/,625838,534759,159169,5488133,13100
116,2018,Georgia,GA,13,13,11,11,1311,Barry Loudermilk,REP,H4GA11061,http://loudermilkforcongress.com/,798920,479379,362353,20587544,21091
116,2018,Georgia,GA,13,13,12,12,1312,Rick W. Allen,REP,H2GA12121,https://www.rickwallen.com/,1028410,920401,210926,8129608,13169
116,2018,Georgia,GA,13,13,13,13,1313,David Scott,DEM,H2GA13012,NULL,1035690,961049,171442,6935620,11107
116,2018,Georgia,GA,13,13,14,14,1314,Tom Graves,REP,H0GA09030,http://www.gravesforcongress.org/,1977430,879465,175666,6472256,10652
116,2018,Georgia,GA,13,13,2,2,1302,Sanford Bishop,DEM,H2GA02031,https://sanfordbishop.com/,1080930,985871,202809,8092637,12942
116,2018,Georgia,GA,13,13,3,3,1303,Drew Ferguson,REP,H6GA03113,https://fergusonforgeorgia.com/conservative-for-georgia/,1182370,1019590,226611,8444704,15035
116,2018,Georgia,GA,13,13,4,4,1304,Hank Johnson,DEM,H6GA04129,https://hankforcongress.com/,461015,404646,150249,5810605,11245
116,2018,Georgia,GA,13,13,5,5,1305,John Lewis,DEM,H6GA05217,http://www.johnlewisforcongress.com/,3376240,1770000,529484,32891819,22133
116,2018,Georgia,GA,13,13,6,6,1306,Lucy McBath,DEM,H8GA06393,http://www.lucyforcongress.com/,1803440,1238620,478508,32962994,28524
116,2018,Georgia,GA,13,13,7,7,1307,Rob Woodall,REP,H0GA07133,http://robwoodall.com/,1090330,924543,359243,18217718,24763
116,2018,Georgia,GA,13,13,8,8,1308,Austin Scott,REP,H0GA08099,http://scottforga.com/,787578,580598,185537,6282657,13248
116,2018,Georgia,GA,13,13,9,9,1309,Doug Collins,REP,H2GA09150,http://www.collinsleads.com/,1311900,611826,201396,7616645,14712
116,2018,Hawaii,HI,15,15,1,1,1501,Ed Case,DEM,H8HI01234,https://www.edcase.com/,504510,424123,320441,14996715,18230
116,2018,Hawaii,HI,15,15,2,2,1502,Tulsi Gabbard,DEM,H2HI02508,https://www.votetulsi.com/,1337930,1294440,185382,6974019,13913
116,2018,Iowa,IA,19,19,1,1,1901,Abby Finkenauer,DEM,H8IA01094,https://www.abbyfinkenauer.com/,3891570,3330280,349963,14386816,19583
116,2018,Iowa,IA,19,19,2,2,1902,Dave Loebsack,DEM,H6IA02146,https://www.loebsackforcongress.org/,1975340,1647300,314996,12470841,18874
116,2018,Iowa,IA,19,19,3,3,1903,Cindy Axne,DEM,H8IA03124,https://cindyaxneforcongress.com/,4347210,3442910,375053,17821374,20647
116,2018,Iowa,IA,19,19,4,4,1904,Steve King,REP,H2IA05072,http://kingforcongress.com/,739554,689845,288970,10934667,22066
116,2018,Idaho,ID,16,16,1,1,1601,Russ Fulcher,REP,H8ID01124,http://russfulcher.com/,849828,837484,242730,9002654,21696
116,2018,Idaho,ID,16,16,2,2,1602,Mike Simpson,REP,H8ID02064,http://www.simpsonforcongress.com/,1042020,893691,309751,12870141,23825
116,2018,Illinois,IL,17,17,1,1,1701,Bobby Rush,DEM,H2IL01042,NULL,346188,299877,191669,7874437,11931
116,2018,Illinois,IL,17,17,10,10,1710,Brad Schneider,DEM,H2IL10068,http://www.schneiderforcongress.com,4295010,3177320,368852,27883324,21561
116,2018,Illinois,IL,17,17,11,11,1711,Bill Foster,DEM,H8IL14067,http://www.billfoster.com/,2466870,1470920,274618,12674795,16098
116,2018,Illinois,IL,17,17,12,12,1712,Mike Bost,REP,H4IL12060,http://bostforcongress.com/,2608190,2383590,217707,8363013,14685
116,2018,Illinois,IL,17,17,13,13,1713,Rodney Davis,REP,H2IL13120,https://electrodney.com/,3237280,3083220,246755,9796449,15495
116,2018,Illinois,IL,17,17,14,14,1714,Lauren Underwood,DEM,H8IL14174,https://www.underwoodforcongress.com/,4018300,2847120,192487,8546798,17645
116,2018,Illinois,IL,17,17,15,15,1715,John Shimkus,REP,H2IL20042,https://johnshimkus.com/,1890070,1567980,202608,7472152,15367
116,2018,Illinois,IL,17,17,16,16,1716,Adam Kinzinger,REP,H0IL11052,http://www.electadam.com/,1732460,1999130,223584,9296869,15063
116,2018,Illinois,IL,17,17,17,17,1717,Cheri Bustos,DEM,H2IL17071,http://www.cheribustos.com/,3655890,2782150,267932,13232628,14851
116,2018,Illinois,IL,17,17,18,18,1718,Darin LaHood,REP,H6IL18088,https://www.lahoodforcongress.com/,2394030,878717,253201,10842277,16029
116,2018,Illinois,IL,17,17,2,2,1702,Robin Kelly,DEM,H2IL02172,NULL,882504,841636,165045,6889025,10151
116,2018,Illinois,IL,17,17,3,3,1703,Dan Lipinski,DEM,H4IL03077,http://www.lipinskiforcongress.com,1505530,2298130,227989,10218369,15644
116,2018,Illinois,IL,17,17,4,4,1704,Jesús García,DEM,H8IL04134,http://jesuschuygarcia.com,805660,770441,140177,5592688,11019
116,2018,Illinois,IL,17,17,5,5,1705,Mike Quigley,DEM,H0IL05096,https://quigleyforcongress.com/,1268730,1188740,383537,20306291,23375
116,2018,Illinois,IL,17,17,6,6,1706,Sean Casten,DEM,H8IL06139,https://www.castenforcongress.com/,5424490,4225210,390897,21476852,25612
116,2018,Illinois,IL,17,17,7,7,1707,Danny K. Davis,DEM,H4IL07037,NULL,389907,476949,817997,67192753,30036
116,2018,Illinois,IL,17,17,8,8,1708,Raja Krishnamoorthi,DEM,H6IL08147,http://rajaforcongress.com/,5132480,1727140,418644,24366085,23551
116,2018,Illinois,IL,17,17,9,9,1709,Jan Schakowsky,DEM,H8IL09067,http://www.janschakowsky.org/,1491600,1363140,299523,15336693,20623
116,2018,Indiana,IN,18,18,1,1,1801,Pete Visclosky,DEM,H4IN01012,http://www.viscloskyforcongress.us/,1053670,820486,237701,10201131,14793
116,2018,Indiana,IN,18,18,2,2,1802,Jackie Walorski,REP,H0IN02190,http://www.standwithjackie.com,2684250,2261500,316002,13236028,15621
116,2018,Indiana,IN,18,18,3,3,1803,Jim Banks,REP,H6IN03229,http://www.jimbanks.us,935456,992238,320650,13236488,17467
116,2018,Indiana,IN,18,18,4,4,1804,Jim Baird,REP,H8IN04199,http://www.electjimbaird.com/,505389,361530,255057,9902081,15058
116,2018,Indiana,IN,18,18,5,5,1805,Susan Brooks,REP,H2IN05082,http://www.susanbrooksforcongress.com/,1354480,1430020,384196,18357334,21571
116,2018,Indiana,IN,18,18,6,6,1806,Greg Pence,REP,H8IN06129,https://www.gregpenceforcongress.com,2486050,2087710,239973,9480733,14280
116,2018,Indiana,IN,18,18,7,7,1807,André Carson,DEM,H8IN07184,http://andrecarson.com/,942219,885921,350471,17747505,15162
116,2018,Indiana,IN,18,18,8,8,1808,Larry Bucshon,REP,H0IN08114,http://www.bucshonforcongress.com/,915706,978370,278663,11410966,16244
116,2018,Indiana,IN,18,18,9,9,1809,Trey Hollingsworth,REP,H6IN09176,http://www.votefortrey.com/,1418210,979246,239013,8903959,15232
116,2018,Kansas,KS,20,20,1,1,2001,Roger Marshall,REP,H6KS01179,http://kansansformarshall.com,1310750,595788,241515,8403200,20010
116,2018,Kansas,KS,20,20,2,2,2002,Steve Watkins,REP,H8KS02199,https://steveforkansas.com/,1069280,849446,235451,8824762,15898
116,2018,Kansas,KS,20,20,3,3,2003,Sharice Davids,DEM,H8KS03155,https://www.shariceforcongress.com/,3981780,3449330,392420,20770789,21283
116,2018,Kansas,KS,20,20,4,4,2004,Ron Estes,REP,H8KS04112,https://estesforcongress.com/,1693350,1237680,282513,11914493,17199
116,2018,Kentucky,KY,21,21,1,1,2101,James Comer,REP,H6KY01110,http://jamescomer.com,688171,338181,216646,7714960,14355
116,2018,Kentucky,KY,21,21,2,2,2102,Brett Guthrie,REP,H8KY02031,http://www.brettguthrie.com,1883760,1421900,233403,8514914,14608
116,2018,Kentucky,KY,21,21,3,3,2103,John Yarmuth,DEM,H6KY03124,http://www.yarmuthforcongress.com,833090,644807,415566,20440695,19425
116,2018,Kentucky,KY,21,21,4,4,2104,Thomas Massie,REP,H2KY04121,http://www.thomasmassie.com,315939,325236,246768,10394679,14364
116,2018,Kentucky,KY,21,21,5,5,2105,Hal Rogers,REP,H0KY05015,NULL,860228,916682,161572,5241773,11560
116,2018,Kentucky,KY,21,21,6,6,2106,Andy Barr,REP,H0KY06104,https://www.andybarrforcongress.com,4818290,4422850,286388,11846359,17215
116,2018,Louisiana,LA,22,22,1,1,2201,Steve Scalise,REP,H0LA01087,http://www.stevescalise.com,9592810,8049900,322609,14632705,21106
116,2018,Louisiana,LA,22,22,2,2,2202,Cedric Richmond,DEM,H8LA02054,http://www.cedricrichmond.com,1488720,1088530,296096,14281270,16070
116,2018,Louisiana,LA,22,22,3,3,2203,Clay Higgins,REP,H6LA03148,http://captainhiggins.com/,816348,746172,287295,12333845,19703
116,2018,Louisiana,LA,22,22,4,4,2204,Mike Johnson,REP,H6LA04138,http://www.mikejohnsonforlouisiana.com,1151100,758817,216636,8162039,15002
116,2018,Louisiana,LA,22,22,5,5,2205,Ralph Abraham,REP,H4LA05221,https://www.ralphabraham.com,883315,921171,210895,7467676,15112
116,2018,Louisiana,LA,22,22,6,6,2206,Garret Graves,REP,H4LA06153,http://www.garretgravesforcongress.com,2254600,1039100,329060,15561172,18207
116,2018,Massachusetts,MA,25,25,1,1,2501,Richard Neal,DEM,H8MA02041,NULL,3144380,2998990,253580,11130260,16248
116,2018,Massachusetts,MA,25,25,2,2,2502,Jim McGovern,DEM,H4MA03022,https://www.jimmcgovern.com,1082210,986442,295089,13255255,16760
116,2018,Massachusetts,MA,25,25,3,3,2503,Lori Trahan,DEM,H8MA03106,https://loritrahan.com/,2031970,1717070,279026,18173514,16467
116,2018,Massachusetts,MA,25,25,4,4,2504,Joseph P. Kennedy III,DEM,H2MA04073,http://www.joekennedyforcongress.com,4319960,2729560,340133,19734525,20832
116,2018,Massachusetts,MA,25,25,5,5,2505,Katherine Clark,DEM,H4MA05084,http://katherineclark.org,1423050,1165410,388851,26718370,21006
116,2018,Massachusetts,MA,25,25,6,6,2506,Seth Moulton,DEM,H4MA06090,https://sethmoulton.com,2324870,2458990,354981,21353638,21277
116,2018,Massachusetts,MA,25,25,7,7,2507,Ayanna Pressley,DEM,H8MA07032,https://ayannapressley.com/,1271560,1165010,504144,40034624,17095
116,2018,Massachusetts,MA,25,25,8,8,2508,Stephen F. Lynch,DEM,H2MA09072,http://www.stephenflynch.com,802512,435799,536974,39550028,24588
116,2018,Massachusetts,MA,25,25,9,9,2509,Bill Keating,DEM,H0MA10082,http://www.keatingforcongress.com,1165940,454278,248225,11241074,22707
116,2018,Maryland,MD,24,24,1,1,2401,Andy Harris,REP,H8MD01094,http://andyharris.com,1587490,1229730,196831,7615467,17649
116,2018,Maryland,MD,24,24,2,2,2402,Dutch Ruppersberger,DEM,H2MD02160,https://www.dutchforcongress.com,947661,842446,341450,18882358,16457
116,2018,Maryland,MD,24,24,3,3,2403,John Sarbanes,DEM,H6MD03292,http://www.johnsarbanes.com,897622,664309,382835,21093788,21075
116,2018,Maryland,MD,24,24,4,4,2404,Anthony G. Brown,DEM,H6MD04209,http://anthonybrown.com,844760,522996,198099,8801195,12929
116,2018,Maryland,MD,24,24,5,5,2405,Steny Hoyer,DEM,H2MD05155,http://www.hoyerforcongress.com,3910860,3848000,208343,9840392,14122
116,2018,Maryland,MD,24,24,6,6,2406,David Trone,DEM,H8MD06168,https://www.davidtrone.com/,16527900,15869800,290187,14572857,18921
116,2018,Maryland,MD,24,24,7,7,2407,Elijah Cummings,DEM,H6MD07160,https://www.cummingsforcongress.com,944365,1051580,300115,18207264,15662
116,2018,Maryland,MD,24,24,8,8,2408,Jamie Raskin,DEM,H6MD08457,https://jamieraskin.com,1125010,828243,320828,20160001,21085
116,2018,Maine,ME,23,23,1,1,2301,Chellie Pingree,DEM,H8ME01120,http://www.chelliepingree.com,720316,974727,300426,13280267,23366
116,2018,Maine,ME,23,23,2,2,2302,Jared Golden,DEM,H8ME02185,https://jaredgoldenforcongress.com,4662580,4212860,207750,7844677,17522
116,2018,Michigan,MI,26,26,1,1,2601,Jack Bergman,REP,H6MI01226,http://www.bergmanforcongress.com,1280040,1114260,209388,7890516,19644
116,2018,Michigan,MI,26,26,10,10,2610,Paul Mitchell,REP,H4MI04118,http://paulmitchellforcongress.com/,656846,544488,204753,8804108,14750
116,2018,Michigan,MI,26,26,11,11,2611,Haley Stevens,DEM,H8MI11254,https://haleystevensforcongress.com/,3585810,3116120,459288,27389390,23957
116,2018,Michigan,MI,26,26,12,12,2612,Debbie Dingell,DEM,H4MI12079,http://debbiedingellforcongress.com,1150440,1084590,295730,16159611,15289
116,2018,Michigan,MI,26,26,13,13,2613,Rashida Tlaib,DEM,H8MI13250,https://www.rashidaforcongress.com/,1509740,1342750,204922,10218396,10049
116,2018,Michigan,MI,26,26,14,14,2614,Brenda Lawrence,DEM,H2MI14111,http://brendalawrence.com,797947,472969,336515,21726646,16155
116,2018,Michigan,MI,26,26,2,2,2602,Bill Huizenga,REP,H0MI02094,https://huizengaforcongress.com,2000500,1866480,313473,13154929,16435
116,2018,Michigan,MI,26,26,3,3,2603,Justin Amash,REP,H0MI03126,https://www.justinamash.com,614272,588908,316293,14719083,15706
116,2018,Michigan,MI,26,26,4,4,2604,John Moolenaar,REP,H4MI04126,http://www.johnmoolenaarforcongress.com,1111420,726364,186456,7441097,13633
116,2018,Michigan,MI,26,26,5,5,2605,Dan Kildee,DEM,H2MI05119,https://dankildee.com,1113150,966446,216104,8971068,13578
116,2018,Michigan,MI,26,26,6,6,2606,Fred Upton,REP,H6MI04113,https://fredupton.com,2922150,2596110,233089,10310150,14408
116,2018,Michigan,MI,26,26,7,7,2607,Tim Walberg,REP,H4MI07103,http://www.walbergforcongress.com,2043770,1344210,203242,8887318,12615
116,2018,Michigan,MI,26,26,8,8,2608,Elissa Slotkin,DEM,H8MI08102,https://elissaforcongress.com/,6239600,5239850,224836,9687363,15923
116,2018,Michigan,MI,26,26,9,9,2609,Andy Levin,DEM,H8MI09118,https://www.andylevinforcongress.com/,1352650,1301260,271255,13354469,17595
116,2018,Minnesota,MN,27,27,1,1,2701,Jim Hagedorn,REP,H0MN01045,http://www.jimhagedorn.org/,1383610,1209020,299235,13287513,16844
116,2018,Minnesota,MN,27,27,2,2,2702,Angie Craig,DFL,H6MN02131,https://www.angiecraig.com/,4692500,3627010,269747,12783221,16946
116,2018,Minnesota,MN,27,27,3,3,2703,Dean Phillips,DFL,H8MN03143,http://www.phillipsforcongress.org/,5276220,5043340,464287,28499554,23638
116,2018,Minnesota,MN,27,27,4,4,2704,Betty McCollum,DFL,H0MN04049,https://www.mccollumforcongress.com,862495,868304,368186,19615701,17725
116,2018,Minnesota,MN,27,27,5,5,2705,Ilhan Omar,DFL,H8MN05239,https://www.ilhanomar.com/,798993,681198,510197,31534444,20945
116,2018,Minnesota,MN,27,27,6,6,2706,Tom Emmer,REP,H4MN06087,https://emmerforcongress.com,2123380,1867900,225187,9515749,16719
116,2018,Minnesota,MN,27,27,7,7,2707,Collin Peterson,DFL,H2MN07014,http://www.petersonforcongress.com,1316570,1132090,239039,8809816,19329
116,2018,Minnesota,MN,27,27,8,8,2708,Pete Stauber,REP,H8MN08043,https://petestauberforcongress.com,1587440,1217660,215026,8225613,17341
116,2018,Missouri,MO,29,29,1,1,2901,Lacy Clay,DEM,H0MO01066,http://www.lacyclay.org,600115,667329,420406,22980021,24963
116,2018,Missouri,MO,29,29,2,2,2902,Ann Wagner,REP,H2MO02102,https://annwagner.com,2908320,3174840,449312,23972703,25312
116,2018,Missouri,MO,29,29,3,3,2903,Blaine Luetkemeyer,REP,H8MO09153,http://www.blaineforcongress.com,2254130,1843810,235609,9003811,17725
116,2018,Missouri,MO,29,29,4,4,2904,Vicky Hartzler,REP,H0MO04086,http://www.vickyhartzler.com,1168610,907657,206614,7008651,16471
116,2018,Missouri,MO,29,29,5,5,2905,Emanuel Cleaver,DEM,H4MO05234,http://cleaverforcongress.com,1042420,822358,396409,20048329,21603
116,2018,Missouri,MO,29,29,6,6,2906,Sam Graves,REP,H0MO06073,http://www.gravesforcongress.com,1657530,1466710,221379,8606739,16496
116,2018,Missouri,MO,29,29,7,7,2907,Billy Long,REP,H0MO07113,https://billylongforcongress.com,1442820,1106760,304304,11398689,19520
116,2018,Missouri,MO,29,29,8,8,2908,Jason Smith,REP,H4MO08162,http://electjasonsmith.com,1908100,1221110,206587,6766860,18215
116,2018,Mississippi,MS,28,28,1,1,2801,Trent Kelly,REP,H6MS01131,http://www.kellyformississippi.com,873425,833122,231373,7985101,14377
116,2018,Mississippi,MS,28,28,2,2,2802,Bennie Thompson,DEM,H4MS02068,NULL,887310,765455,190526,6708492,12640
116,2018,Mississippi,MS,28,28,3,3,2803,Michael Guest,REP,H8MS03216,NULL,0,0,266340,10347802,17206
116,2018,Mississippi,MS,28,28,4,4,2804,Steven Palazzo,REP,H0MS04120,http://palazzoforcongress.com,710158,586659,230392,8756162,14274
116,2018,Montana,MT,30,30,0,0,3000,Greg Gianforte,REP,H8MT01182,https://gregformontana.com/,9426250,8782030,378463,14542766,37626
116,2018,North Carolina,NC,37,37,1,1,3701,G. K. Butterfield,DEM,H4NC01046,http://www.gkbutterfield.com,723574,807055,258880,11117774,14142
116,2018,North Carolina,NC,37,37,10,10,3710,Patrick McHenry,REP,H4NC10047,https://mchenryforcongress.com,3520540,3335930,284658,10851156,18158
116,2018,North Carolina,NC,37,37,11,11,3711,Mark Meadows,REP,H2NC11080,https://meadowsforcongress.com/,1756480,1058530,203831,7035166,15990
116,2018,North Carolina,NC,37,37,12,12,3712,Alma Adams,DEM,H4NC12100,http://almaadamsforcongress.com,523190,472067,516688,31590268,24307
116,2018,North Carolina,NC,37,37,13,13,3713,Ted Budd,REP,H6NC13129,http://tedbudd.com,2095220,1588550,365903,16239517,20391
116,2018,North Carolina,NC,37,37,2,2,3702,George Holding,REP,H2NC13110,https://georgeholdingforcongress.com/,2746850,2517410,193725,7534389,15427
116,2018,North Carolina,NC,37,37,3,3,3703,Walter B. Jones Jr.,REP,H2NC01081,http://www.walterjonescommittee.com/,556220,524048,186316,6110199,15874
116,2018,North Carolina,NC,37,37,4,4,3704,David Price,DEM,H6NC04037,http://www.priceforcongress.com,852852,848264,477663,27889898,25357
116,2018,North Carolina,NC,37,37,5,5,3705,Virginia Foxx,REP,H4NC05146,https://virginiafoxx.com,2106250,1697280,274151,11971035,16039
116,2018,North Carolina,NC,37,37,6,6,3706,Mark Walker,REP,H4NC06052,http://www.walker4nc.com,1228750,625065,199709,7424345,13397
116,2018,North Carolina,NC,37,37,7,7,3707,David Rouzer,REP,H2NC07096,http://www.davidrouzer.com,1463400,888435,212677,7897197,16804
116,2018,North Carolina,NC,37,37,8,8,3708,Richard Hudson,REP,H2NC08185,https://richardhudson.org,2342390,1590140,204415,7160870,13936
116,2018,North Carolina,NC,37,37,9,9,3709,TBD,TBD,NULL,NULL,NULL,NULL,237045,10416475,16737
116,2018,North Dakota,ND,38,38,0,0,3800,Kelly Armstrong,REP,H8ND00096,https://www.armstrongnd.com/,1631800,1435580,346947,15816748,24601
116,2018,Nebraska,NE,31,31,1,1,3101,Jeff Fortenberry,REP,H4NE01064,http://supportfort.com,729526,426608,241684,9547757,16883
116,2018,Nebraska,NE,31,31,2,2,3102,Don Bacon,REP,H6NE02125,http://donjbacon.com,2511380,1873230,347534,16978160,18147
116,2018,Nebraska,NE,31,31,3,3,3103,Adrian Smith,REP,H6NE03115,http://www.joinadrian.com,1171030,1528480,209352,7355813,18881
116,2018,New Hampshire,NH,33,33,1,1,3301,Chris Pappas,DEM,H8NH01210,https://www.chrispappas.org,1873090,1214510,293126,14549134,19671
116,2018,New Hampshire,NH,33,33,2,2,3302,Ann McLane Kuster,DEM,H0NH02181,http://www.kusterforcongress.com,3212460,2775340,269274,12917830,17804
116,2018,New Jersey,NJ,34,34,1,1,3401,Donald Norcross,DEM,H4NJ01084,https://www.donaldnorcrossforcongress.com,2032450,1268100,258122,12103284,16024
116,2018,New Jersey,NJ,34,34,10,10,3410,Donald Payne Jr.,DEM,H2NJ10154,http://paynejrforcongress.ngpvanhost.com,485601,468615,191406,10703553,13495
116,2018,New Jersey,NJ,34,34,11,11,3411,Mikie Sherrill,DEM,H8NJ11142,https://mikiesherrill.com/,7645690,5923520,425500,30861469,25520
116,2018,New Jersey,NJ,34,34,12,12,3412,Bonnie Watson Coleman,DEM,H4NJ12149,http://www.bonnieforcongress.com,843037,649864,335689,22656398,19016
116,2018,New Jersey,NJ,34,34,2,2,3402,Jeff Van Drew,DEM,H8NJ02166,https://www.vandrewforcongress.com,1677440,1490430,227916,9074362,17169
116,2018,New Jersey,NJ,34,34,3,3,3403,Andy Kim,DEM,H8NJ03206,andykimforcongress.com/,5222900,4468830,248515,11954064,16727
116,2018,New Jersey,NJ,34,34,4,4,3404,Christopher Smith,REP,H8NJ04014,http://smithfornj.org,1178130,1002110,292275,13628185,21476
116,2018,New Jersey,NJ,34,34,5,5,3405,Josh Gottheimer,DEM,H6NJ05171,https://josh4congress.com,6536860,1777180,300398,16918124,23129
116,2018,New Jersey,NJ,34,34,6,6,3406,Frank Pallone,DEM,H8NJ03073,http://www.pallonefornewjersey.com,2516750,1328570,306117,18715810,18825
116,2018,New Jersey,NJ,34,34,7,7,3407,Tom Malinowski,DEM,H8NJ07223,malinowskifornj.com/,5267830,4433550,362809,26928146,23352
116,2018,New Jersey,NJ,34,34,8,8,3408,Albio Sires,DEM,H6NJ13191,NULL,385908,402874,255223,17263266,15496
116,2018,New Jersey,NJ,34,34,9,9,3409,Bill Pascrell,DEM,H6NJ08118,http://billpascrell.com,1553580,1183700,295993,16605791,20991
116,2018,New Mexico,NM,35,35,1,1,3501,Deb Haaland,DEM,H8NM01331,https://debforcongress.com/,1940180,1797150,275149,11552041,16273
116,2018,New Mexico,NM,35,35,2,2,3502,Xochitl Torres Small,DEM,H8NM02248,https://www.xochforcongress.com/,3813000,2809810,168615,6009000,12843
116,2018,New Mexico,NM,35,35,3,3,3503,Ben Ray Luján,DEM,H8NM03196,http://www.benrlujan.com,1861320,2064650,175940,7046107,14317
116,2018,Nevada,NV,32,32,1,1,3201,Dina Titus,DEM,H8NV03036,https://www.dinatitus.com,651693,654274,424742,17285142,18466
116,2018,Nevada,NV,32,32,2,2,3202,Mark Amodei,REP,H2NV02395,http://amodeifornevada.com,1182250,960950,270369,11994974,18592
116,2018,Nevada,NV,32,32,3,3,3203,Susie Lee,DEM,H8NV03200,https://susieleeforcongress.com/,4592880,4373200,289072,12383743,17693
116,2018,Nevada,NV,32,32,4,4,3204,Steven Horsford,DEM,H2NV04011,https://www.stevenhorsford.com/,1862880,1474630,148057,5880627,9587
116,2018,New York,NY,36,36,1,1,3601,Lee Zeldin,REP,H8NY01148,https://zeldinforcongress.com/,4232960,3180380,240530,12700193,23101
116,2018,New York,NY,36,36,10,10,3610,Jerrold Nadler,DEM,H2NY17071,http://www.jerrynadler.com/,1399780,1406500,810907,74402401,40310
116,2018,New York,NY,36,36,11,11,3611,Max Rose,DEM,H8NY11113,https://www.maxroseforcongress.com/,4149830,3091180,154361,6231767,16191
116,2018,New York,NY,36,36,12,12,3612,Carolyn Maloney,DEM,H2NY14037,https://carolynmaloney.com/,1975580,2254760,1523839,171221392,70310
116,2018,New York,NY,36,36,13,13,3613,Adriano Espaillat,DEM,H2NY13096,NULL,770196,498502,146859,7862055,10098
116,2018,New York,NY,36,36,14,14,3614,Alexandria Ocasio-Cortez,DEM,H8NY15148,https://ocasio2018.com/,1880670,1319150,151251,7175339,12251
116,2018,New York,NY,36,36,15,15,3615,José E. Serrano,DEM,H0NY18065,NULL,233936,225682,125450,5415593,9235
116,2018,New York,NY,36,36,16,16,3616,Eliot Engel,DEM,H8NY19058,NULL,1465210,1940830,176729,8026349,16283
116,2018,New York,NY,36,36,17,17,3617,Nita Lowey,DEM,H8NY20056,https://loweyforcongress.com/,1462180,1190790,345251,22441807,26445
116,2018,New York,NY,36,36,18,18,3618,Sean Patrick Maloney,DEM,H2NY22139,NULL,2564890,3925320,225181,9899714,19320
116,2018,New York,NY,36,36,19,19,3619,Antonio Delgado,DEM,H8NY19181,delgadoforcongress.com/,7927000,7160440,167396,6244745,16879
116,2018,New York,NY,36,36,2,2,3602,Peter T. King,REP,H2NY03089,http://peteking.com/,1173970,1564300,248534,11723594,20657
116,2018,New York,NY,36,36,20,20,3620,Paul Tonko,DEM,H8NY21203,http://paultonko.com/,1256140,997419,336634,15951618,19043
116,2018,New York,NY,36,36,21,21,3621,Elise Stefanik,REP,H4NY21079,https://eliseforcongress.com/,2648290,1931090,180068,6690050,15532
116,2018,New York,NY,36,36,22,22,3622,Anthony Brindisi,DEM,H8NY22151,https://www.brindisiforcongress.com/,3832020,3539170,224510,8630191,14267
116,2018,New York,NY,36,36,23,23,3623,Tom Reed,REP,H0NY29054,NULL,3316390,2521030,222997,8293961,14500
116,2018,New York,NY,36,36,24,24,3624,John Katko,REP,H4NY24073,https://www.johnkatkoforcongress.com/,2533950,2297040,277393,11941229,16415
116,2018,New York,NY,36,36,25,25,3625,Joseph D. Morelle,DEM,H8NY25105,https://www.votemorelle.com/,1597950,1364150,353784,15829277,17182
116,2018,New York,NY,36,36,26,26,3626,Brian Higgins,DEM,H4NY27076,NULL,983740,798671,349800,15392131,17567
116,2018,New York,NY,36,36,27,27,3627,Chris Collins,REP,H8NY29032,NULL,NULL,NULL,210491,8519521,16241
116,2018,New York,NY,36,36,3,3,3603,Thomas Suozzi,DEM,H6NY03247,http://suozziforcongress.com/,2625010,1104810,385416,24442268,29761
116,2018,New York,NY,36,36,4,4,3604,Kathleen Rice,DEM,H4NY04075,https://www.kathleenrice.com/,1344260,1439070,269755,12994512,24618
116,2018,New York,NY,36,36,5,5,3605,Gregory Meeks,DEM,H8NY06048,http://www.congressmangregorymeeks.com/,904943,904034,159716,6967124,11571
116,2018,New York,NY,36,36,6,6,3606,Grace Meng,DEM,H2NY06116,http://gracefornewyork.com/,1171000,1301940,167770,6820483,18756
116,2018,New York,NY,36,36,7,7,3607,Nydia Velázquez,DEM,H2NY00010,https://secure.actblue.com/contribute/page/reelectnydia,955248,708388,227425,9484272,22322
116,2018,New York,NY,36,36,8,8,3608,Hakeem Jeffries,DEM,H2NY10092,http://hakeemjeffries.com/,1594010,1290140,136711,5347136,11539
116,2018,New York,NY,36,36,9,9,3609,Yvette Clarke,DEM,H4NY11138,https://www.voteyvette.com/,1015030,971089,125110,4916314,12771
116,2018,Ohio,OH,39,39,1,1,3901,Steve Chabot,REP,H8OH01043,http://stevechabot.com/,1578380,1964320,390697,22595879,16813
116,2018,Ohio,OH,39,39,10,10,3910,Mike Turner,REP,H2OH03067,http://www.miketurner.com/,1153600,1125320,295801,13481250,15005
116,2018,Ohio,OH,39,39,11,11,3911,Marcia Fudge,DEM,H8OH11141,http://marcialfudge.com/,739526,559453,417631,23071512,18423
116,2018,Ohio,OH,39,39,12,12,3912,Troy Balderson,REP,H8OH12180,http://www.baldersonforcongress.com/,2312130,2136120,323352,15906298,17556
116,2018,Ohio,OH,39,39,13,13,3913,Tim Ryan,DEM,H2OH17109,https://timryanforcongress.com/,1487860,1472220,258120,10070405,14797
116,2018,Ohio,OH,39,39,14,14,3914,David Joyce,REP,H2OH14064,http://joyceforcongress.com/,2259220,2007900,327767,15992944,20335
116,2018,Ohio,OH,39,39,15,15,3915,Steve Stivers,REP,H8OH15076,https://stevestivers.com/,3887190,3687360,234597,9555163,14076
116,2018,Ohio,OH,39,39,16,16,3916,Anthony Gonzalez,REP,H8OH16124,https://voteanthonygonzalez.com/,1827060,1446380,295771,12129737,18370
116,2018,Ohio,OH,39,39,2,2,3902,Brad Wenstrup,REP,H2OH02085,http://www.usabrad.com/,1371580,1122330,266754,12206293,15819
116,2018,Ohio,OH,39,39,3,3,3903,Joyce Beatty,DEM,H2OH03125,http://www.beattyforcongress.com/,973393,563826,371971,18808242,15069
116,2018,Ohio,OH,39,39,4,4,3904,Jim Jordan,REP,H6OH04082,http://jimjordanforcongress.com/,801505,1139620,271591,11247736,14458
116,2018,Ohio,OH,39,39,5,5,3905,Bob Latta,REP,H8OH05036,https://lattaforcongress.com/,1529210,1321240,308203,12205127,16205
116,2018,Ohio,OH,39,39,6,6,3906,Bill Johnson,REP,H0OH06189,NULL,1898780,1626900,177481,6297536,12971
116,2018,Ohio,OH,39,39,7,7,3907,Bob Gibbs,REP,H0OH18077,http://bobgibbsforcongress.com/,1023490,1561000,217664,8118847,14281
116,2018,Ohio,OH,39,39,8,8,3908,Warren Davidson,REP,H6OH08315,https://www.davidsonforcongress.com/,683797,478044,246245,10150092,13751
116,2018,Ohio,OH,39,39,9,9,3909,Marcy Kaptur,DEM,H2OH09031,https://marcykaptur.com/,710739,601650,250566,11000375,13397
116,2018,Oklahoma,OK,40,40,1,1,4001,Kevin Hern,REP,H8OK01157,https://www.hernforcongress.com/,2827050,2664590,377201,17541747,21498
116,2018,Oklahoma,OK,40,40,2,2,4002,Markwayne Mullin,REP,H2OK02083,https://www.mullinforcongress.com/,1466400,1349490,162235,5377165,13035
116,2018,Oklahoma,OK,40,40,3,3,4003,Frank Lucas,REP,H4OK06056,http://www.frankdlucas.com/,1032290,851187,187687,7041287,17236
116,2018,Oklahoma,OK,40,40,4,4,4004,Tom Cole,REP,H2OK04055,http://www.tomcoleforcongress.com/,1811750,1796290,207679,7243261,16662
116,2018,Oklahoma,OK,40,40,5,5,4005,Kendra Horn,DEM,H8OK05109,http://www.kendrahornforcongress.com/,1015990,917295,381111,17368957,24320
116,2018,Oregon,OR,41,41,1,1,4101,Suzanne Bonamici,DEM,H2OR01133,NULL,999844,646451,367384,22047293,23055
116,2018,Oregon,OR,41,41,2,2,4102,Greg Walden,REP,H6OR02116,NULL,5118560,3911270,253292,9504381,23524
116,2018,Oregon,OR,41,41,3,3,4103,Earl Blumenauer,DEM,H6OR03064,NULL,1394630,1464330,398780,20189039,26229
116,2018,Oregon,OR,41,41,4,4,4104,Peter DeFazio,DEM,H6OR04047,NULL,1647390,1001800,243054,9714273,19514
116,2018,Oregon,OR,41,41,5,5,4105,Kurt Schrader,DEM,H8OR05107,NULL,1961500,802105,270511,11619930,21740
116,2018,Pennsylvania,PA,42,42,1,1,4201,Brian Fitzpatrick,REP,H6PA08277,http://www.brianfitzpatrick.com/,3117260,2815660,291464,14389659,14163
116,2018,Pennsylvania,PA,42,42,10,10,4210,Scott Perry,REP,H2PA04135,https://www.patriotsforperry.com/,1179940,940512,216281,7757296,15717
116,2018,Pennsylvania,PA,42,42,11,11,4211,Lloyd Smucker,REP,H6PA16320,http://www.electsmuckerpa.com/,1624330,1546090,258837,10823377,14727
116,2018,Pennsylvania,PA,42,42,12,12,4212,Tom Marino,REP,H0PA10078,NULL,745957,763365,244469,10566553,16801
116,2018,Pennsylvania,PA,42,42,13,13,4213,John Joyce,REP,H8PA13125,NULL,1413470,1273180,317733,17722615,17870
116,2018,Pennsylvania,PA,42,42,14,14,4214,Guy Reschenthaler,REP,H8PA18199,https://www.guyforpa.com/,920102,805197,448098,24666879,19206
116,2018,Pennsylvania,PA,42,42,15,15,4215,Glenn Thompson,REP,H8PA05071,http://www.friendsofglennthompson.com/,1237110,1311000,317683,15506163,16002
116,2018,Pennsylvania,PA,42,42,16,16,4216,Mike Kelly,REP,H0PA03271,https://www.mikekellyforcongress.com/,2390960,2263740,292980,12916169,15781
116,2018,Pennsylvania,PA,42,42,17,17,4217,Conor Lamb,DEM,H8PA18181,https://conorlamb.com/,8888160,8161160,261532,9889035,14996
116,2018,Pennsylvania,PA,42,42,18,18,4218,Michael F. Doyle,DEM,H4PA18131,http://www.mikedoyleforcongress.com/,826174,802566,312459,14347249,18740
116,2018,Pennsylvania,PA,42,42,2,2,4202,Brendan Boyle,DEM,H4PA13199,https://voteboyle.com/,1077380,939048,350390,23295301,14463
116,2018,Pennsylvania,PA,42,42,3,3,4203,Dwight Evans,DEM,H6PA02171,http://www.dwightevans.com/,1075220,1057290,266816,10196656,16456
116,2018,Pennsylvania,PA,42,42,4,4,4204,Madeleine Dean,DEM,H8PA04116,https://www.mad4pa.com/,1267720,1137710,298703,13183659,15849
116,2018,Pennsylvania,PA,42,42,5,5,4205,Mary Gay Scanlon,DEM,H8PA07200,https://www.scanlonforcongress.com/,1785790,1369280,218927,7954696,15674
116,2018,Pennsylvania,PA,42,42,6,6,4206,Chrissy Houlahan,DEM,H8PA06087,https://www.chrissyhoulahanforcongress.com/,4038050,2368220,361421,23006660,20200
116,2018,Pennsylvania,PA,42,42,7,7,4207,Susan Wild,DEM,H8PA15229,https://wildforcongress.com/,2870250,2351950,306043,18638182,18227
116,2018,Pennsylvania,PA,42,42,8,8,4208,Matt Cartwright,DEM,H2PA17079,http://www.cartwrightcongress.com/,2280640,1995040,285698,13204184,21281
116,2018,Pennsylvania,PA,42,42,9,9,4209,Dan Meuser,REP,H8PA10147,https://www.meuserforcongress.com/,1880110,1819460,209581,7567679,14386
116,2018,Rhode Island,RI,44,44,1,1,4401,David Cicilline,DEM,H0RI01073,http://www.cicilline.com/,1535520,1329910,207536,9460295,13558
116,2018,Rhode Island,RI,44,44,2,2,4402,James Langevin,DEM,H0RI02139,NULL,1070820,684721,222144,10388822,14837
116,2018,South Carolina,SC,45,45,1,1,4501,Joe Cunningham,DEM,H8SC01116,https://www.joecunninghamforcongress.com/,1926220,1628120,232495,8948602,19171
116,2018,South Carolina,SC,45,45,2,2,4502,Joe Wilson,REP,H2SC02059,http://www.joewilsonforcongress.com/,1105820,1438050,205060,7796928,13298
116,2018,South Carolina,SC,45,45,3,3,4503,Jeff Duncan,REP,H0SC03077,http://www.jeffduncan.com/,825828,636396,176201,6499728,11384
116,2018,South Carolina,SC,45,45,4,4,4504,William Timmons,REP,H8SC04250,https://www.votetimmons.com/,1770710,1695330,333855,14732686,17984
116,2018,South Carolina,SC,45,45,5,5,4505,Ralph Norman,REP,H8SC05158,https://www.electralphnorman.com/,2492660,1706280,190182,7546336,11987
116,2018,South Carolina,SC,45,45,6,6,4506,Jim Clyburn,DEM,H2SC02042,http://www.clyburnforcongress.com/,1827680,1701140,287278,12852860,15201
116,2018,South Carolina,SC,45,45,7,7,4507,Tom Rice,REP,H2SC07066,http://www.votetomrice.com/,1508020,913089,228453,7747324,16335
116,2018,South Dakota,SD,46,46,0,0,4600,Dusty Johnson,REP,H8SD01055,NULL,1538100,1265950,357950,14183056,26743
116,2018,Tennessee,TN,47,47,1,1,4701,Phil Roe,REP,H6TN01388,http://roe4congress.com/,340114,467556,239309,9003860,13755
116,2018,Tennessee,TN,47,47,2,2,4702,Tim Burchett,REP,H8TN02119,https://www.burchettforcongress.com/,965885,790645,296881,12411069,15973
116,2018,Tennessee,TN,47,47,3,3,4703,Chuck Fleischmann,REP,H0TN03254,https://www.chuckforcongress.com/,1180810,446076,279250,11940060,14266
116,2018,Tennessee,TN,47,47,4,4,4704,Scott DesJarlais,REP,H0TN04195,http://www.scottdesjarlais.com/,510504,188411,240135,9786584,13058
116,2018,Tennessee,TN,47,47,5,5,4705,Jim Cooper,DEM,H2TN05131,http://www.cooperforcongress.com/,512871,707470,459060,24143918,20831
116,2018,Tennessee,TN,47,47,6,6,4706,John Rose,REP,H8TN06094,https://johnrose.com/,4892630,4832060,199866,7416428,13564
116,2018,Tennessee,TN,47,47,7,7,4707,Mark E. Green,REP,H8TN07076,https://www.markgreen4tn.com/,2329120,1954240,231822,10870210,15051
116,2018,Tennessee,TN,47,47,8,8,4708,David Kustoff,REP,H2TN07103,http://www.kustoffforcongress.com/,1743680,1641860,247418,10782458,14857
116,2018,Tennessee,TN,47,47,9,9,4709,Steve Cohen,DEM,H6TN09068,http://cohenforcongress.com/,452118,265784,325100,16033998,13341
116,2018,Texas,TX,48,48,1,1,4801,Louie Gohmert,REP,H4TX04039,https://www.gohmert.com/,771710,707959,254538,10018085,16759
116,2018,Texas,TX,48,48,10,10,4810,Michael McCaul,REP,H4TX10093,https://www.michaelmccaul.com/,1743420,1599930,297626,14526252,19783
116,2018,Texas,TX,48,48,11,11,4811,Mike Conaway,REP,H4TX19136,https://www.mikeconaway.com/,2116210,2087570,252162,11916978,18745
116,2018,Texas,TX,48,48,12,12,4812,Kay Granger,REP,H6TX12060,http://kaygranger.com/,1940120,1670550,309540,16079667,17409
116,2018,Texas,TX,48,48,13,13,4813,Mac Thornberry,REP,H4TX13014,http://www.macthornberry.com/,1315810,1260610,218135,8751579,16503
116,2018,Texas,TX,48,48,14,14,4814,Randy Weber,REP,H2TX14149,http://www.randyweber.org/,716907,614632,236433,11440356,13934
116,2018,Texas,TX,48,48,15,15,4815,Vicente González,DEM,H6TX15162,http://www.vicentegonzalez.com/,1238910,332892,185875,5704426,11812
116,2018,Texas,TX,48,48,16,16,4816,Veronica Escobar,DEM,H8TX16109,https://veronicaescobar.com/,1372070,1132030,223674,7161497,13534
116,2018,Texas,TX,48,48,17,17,4817,Bill Flores,REP,H0TX17104,http://www.billflores.com/,1280730,914694,262546,11316992,14489
116,2018,Texas,TX,48,48,18,18,4818,Sheila Jackson Lee,DEM,H4TX18054,http://www.sheilajacksonlee18.com/,690123,561865,412362,32836049,16824
116,2018,Texas,TX,48,48,19,19,4819,Jodey Arrington,REP,H6TX19099,http://jodeyarrington.com/,1214430,889344,234929,8611979,16665
116,2018,Texas,TX,48,48,2,2,4802,Dan Crenshaw,REP,H8TX02166,https://crenshawforcongress.com/,1638260,1399230,373458,20509790,20845
116,2018,Texas,TX,48,48,20,20,4820,Joaquín Castro,DEM,H2TX35011,http://www.castroforcongress.com/,910815,821093,257592,10903244,11717
116,2018,Texas,TX,48,48,21,21,4821,Chip Roy,REP,H8TX21307,https://chiproy.com/,1694650,1223210,429437,22291466,26331
116,2018,Texas,TX,48,48,22,22,4822,Pete Olson,REP,H8TX22107,https://www.olsonforcongress.com/,1444840,1666600,206550,8471480,15678
116,2018,Texas,TX,48,48,23,23,4823,Will Hurd,REP,H0TX23086,http://www.hurdforcongress.com/,4755680,4383790,177919,6926206,11141
116,2018,Texas,TX,48,48,24,24,4824,Kenny Marchant,REP,H4TX24094,http://www.kennymarchant.com/,1181340,810853,690792,43696056,27971
116,2018,Texas,TX,48,48,25,25,4825,Roger Williams,REP,H2TX33040,http://www.rogerforcongress.com/,1537350,1436300,227290,11603584,18087
116,2018,Texas,TX,48,48,26,26,4826,Michael Burgess,REP,H2TX26093,http://burgessforcongress.org/,1573390,1562600,240064,10704670,15199
116,2018,Texas,TX,48,48,27,27,4827,Michael Cloud,REP,H8TX27049,https://www.cloudforcongress.com/,668085,502510,249150,10179806,15738
116,2018,Texas,TX,48,48,28,28,4828,Henry Cuellar,DEM,H2TX23082,http://www.henrycuellar.com/,1544130,1089440,161914,4949980,11101
116,2018,Texas,TX,48,48,29,29,4829,Sylvia Garcia,DEM,H8TX29052,http://sylviaforcongress.com/,1145130,836992,213699,10136622,10649
116,2018,Texas,TX,48,48,3,3,4803,Van Taylor,REP,H8TX03123,http://www.vantaylor.com/,4289770,2532940,381841,23713657,21388
116,2018,Texas,TX,48,48,30,30,4830,Eddie Bernice Johnson,DEM,H2TX00015,NULL,469131,246617,343059,22452975,13665
116,2018,Texas,TX,48,48,31,31,4831,John Carter,REP,H2TX31044,https://www.johncarterforcongress.com/,1664830,1515260,241132,10767237,15228
116,2018,Texas,TX,48,48,32,32,4832,Colin Allred,DEM,H8TX32098,https://www.colinallred.com/,4955160,3569330,344278,19420884,21973
116,2018,Texas,TX,48,48,33,33,4833,Marc Veasey,DEM,H2TX33073,http://marcveasey.com/,1381100,1271220,273772,12634020,12588
116,2018,Texas,TX,48,48,34,34,4834,Filemon Vela Jr.,DEM,H2TX27190,http://www.filemonvelaforcongress.com/,1043990,656219,170804,4849093,10816
116,2018,Texas,TX,48,48,35,35,4835,Lloyd Doggett,DEM,H4TX10028,https://www.votedoggett.com/,955339,399471,304332,12704327,15636
116,2018,Texas,TX,48,48,36,36,4836,Brian Babin,REP,H6TX02079,http://www.babinforcongress.com/,1118350,702439,244582,13545464,12903
116,2018,Texas,TX,48,48,4,4,4804,John Ratcliffe,REP,H4TX04153,http://ratcliffeforcongress.com/,1023240,790663,195143,7130482,13784
116,2018,Texas,TX,48,48,5,5,4805,Lance Gooden,REP,H8TX05144,http://www.lancegooden.com/,859489,706256,178337,6505181,12386
116,2018,Texas,TX,48,48,6,6,4806,Ron Wright,REP,H8TX06233,https://www.wright4congress.com/,574638,511262,228866,9182701,13866
116,2018,Texas,TX,48,48,7,7,4807,Lizzie Fletcher,DEM,H8TX07140,https://www.lizziefletcher.com/,5343500,4610300,460210,33498204,25319
116,2018,Texas,TX,48,48,8,8,4808,Kevin Brady,REP,H6TX08100,http://www.bradyforcongress.com/,5092880,5265130,191643,10166381,14268
116,2018,Texas,TX,48,48,9,9,4809,Al Green,DEM,H4TX09095,https://algreen.org/,560845,504821,317159,18124607,13047
116,2018,Utah,UT,49,49,1,1,4901,Rob Bishop,REP,H2UT01094,https://votebishop.com/,1132140,902654,231999,8838902,17909
116,2018,Utah,UT,49,49,2,2,4902,Chris Stewart,REP,H2UT02324,http://stewartforutah.com/,913910,813666,373647,17898045,21144
116,2018,Utah,UT,49,49,3,3,4903,John Curtis,REP,H8UT03238,NULL,1596310,1416500,261713,10462679,19109
116,2018,Utah,UT,49,49,4,4,4904,Ben McAdams,DEM,H8UT04053,NULL,2855780,2617820,303855,14262622,18858
116,2018,Virginia,VA,51,51,1,1,5101,Rob Wittman,REP,H8VA01147,https://robwittman.com/,1426150,1618700,214902,8918525,17052
116,2018,Virginia,VA,51,51,10,10,5110,Jennifer Wexton,DEM,H8VA10106,https://jenniferwexton.com/,5415460,4284970,338195,19822956,22539
116,2018,Virginia,VA,51,51,11,11,5111,Gerry Connolly,DEM,H8VA11062,http://www.gerryconnolly.com/,1937930,1014960,431483,33961153,22048
116,2018,Virginia,VA,51,51,2,2,5102,Elaine Luria,DEM,H8VA02111,https://elaineforcongress.com/,3611760,2697450,229214,8726499,16321
116,2018,Virginia,VA,51,51,3,3,5103,Bobby Scott,DEM,H6VA01117,NULL,575264,544557,334293,15124637,16694
116,2018,Virginia,VA,51,51,4,4,5104,Donald McEachin,DEM,H6VA04061,https://www.donaldmceachin.com/,819756,827290,273860,13088105,15673
116,2018,Virginia,VA,51,51,5,5,5105,Denver Riggleman,REP,H8VA05171,http://www.denverforcongress.com/,1415900,986554,207989,8496127,16718
116,2018,Virginia,VA,51,51,6,6,5106,Ben Cline,REP,H8VA06104,http://www.bencline.com/,833545,642312,308049,11921848,18096
116,2018,Virginia,VA,51,51,7,7,5107,Abigail Spanberger,DEM,H8VA07094,https://abigailspanberger.com/,5943110,5352580,291085,14274675,18985
116,2018,Virginia,VA,51,51,8,8,5108,Don Beyer,DEM,H4VA08224,http://friendsofdonbeyer.com/,1918270,1663990,360285,24207230,20512
116,2018,Virginia,VA,51,51,9,9,5109,Morgan Griffith,REP,H0VA09055,http://www.morgangriffithforcongress.com/,1060150,806724,208791,7613800,14206
116,2018,Vermont,VT,50,50,0,0,5000,Peter Welch,DEM,H6VT00160,https://www.welchforcongress.com/,806626,630216,262705,10828353,21174
116,2018,Washington,WA,53,53,1,1,5301,Suzan DelBene,DEM,H0WA08046,http://www.delbeneforcongress.com/,2007790,1359180,273387,23558027,19264
116,2018,Washington,WA,53,53,10,10,5310,Dennis Heck,DEM,H0WA03161,http://www.dennyheckforcongress.com/,1530200,1047010,203713,8560373,14837
116,2018,Washington,WA,53,53,2,2,5302,Rick Larsen,DEM,H0WA02080,https://www.ricklarsen.org/,1047570,913621,273601,13846577,19869
116,2018,Washington,WA,53,53,3,3,5303,Jaime Herrera Beutler,REP,H0WA03187,https://www.votejaime.com/,2271710,2203920,194262,8965497,16100
116,2018,Washington,WA,53,53,4,4,5304,Dan Newhouse,REP,H4WA04104,https://www.dannewhouse.com/,1098000,974010,191422,8243690,14187
116,2018,Washington,WA,53,53,5,5,5305,Cathy McMorris Rodgers,REP,H4WA05077,http://www.cathyforcongress.com/,5502070,4985620,233124,9964370,17033
116,2018,Washington,WA,53,53,6,6,5306,Derek Kilmer,DEM,H2WA06129,http://www.derekkilmer.com/,2274180,1258000,194723,8172930,17157
116,2018,Washington,WA,53,53,7,7,5307,Pramila Jayapal,DEM,H6WA07458,https://www.pramilaforcongress.com/,2064540,1317540,461573,34422037,28807
116,2018,Washington,WA,53,53,8,8,5308,Kim Schrier,DEM,H8WA08189,https://drkimschrier.com/,6937040,5373670,173457,8417334,15426
116,2018,Washington,WA,53,53,9,9,5309,Adam Smith,DEM,H6WA09025,http://www.electadamsmith.com/,1273580,1416170,447136,29862264,22852
116,2018,Wisconsin,WI,55,55,1,1,5501,Bryan Steil,REP,H8WI01156,http://steilforwisconsin.com/,1868950,1566770,245541,10266665,15191
116,2018,Wisconsin,WI,55,55,2,2,5502,Mark Pocan,DEM,H2WI02124,http://www.pocanforcongress.com/,1012010,828086,360351,17856952,19233
116,2018,Wisconsin,WI,55,55,3,3,5503,Ron Kind,DEM,H6WI03099,http://www.ronkind.org/,2208190,1818250,278726,10963794,17032
116,2018,Wisconsin,WI,55,55,4,4,5504,Gwen Moore,DEM,H4WI04183,https://www.gwenmooreforcongress.com/,950315,923631,306701,16757151,13450
116,2018,Wisconsin,WI,55,55,5,5,5505,Jim Sensenbrenner,REP,H8WI09050,http://www.sensenbrenner.org/,341648,442314,410849,20422361,21300
116,2018,Wisconsin,WI,55,55,6,6,5506,Glenn Grothman,REP,H4WI06048,http://www.glenngrothman.com/,1866520,1263090,307770,13721136,16747
116,2018,Wisconsin,WI,55,55,7,7,5507,Sean Duffy,REP,H0WI07051,http://duffyforwisconsin.com/,3427800,2600690,249122,9669025,19077
116,2018,Wisconsin,WI,55,55,8,8,5508,Mike Gallagher,REP,H6WI08155,http://www.mikeforwisconsin.com/,2745770,1869130,328939,14404665,18287
116,2018,West Virginia,WV,54,54,1,1,5401,David McKinley,REP,H0WV01072,NULL,1213410,873578,209694,8287861,12924
116,2018,West Virginia,WV,54,54,2,2,5402,Alex Mooney,REP,H4WV02080,NULL,1734440,872321,185108,7306891,12285
116,2018,West Virginia,WV,54,54,3,3,5403,Carol Miller,REP,H8WV03097,https://www.electcarolmiller.com/,1648100,1372520,155363,5582893,11077
116,2018,Wyoming,WY,56,56,0,0,5600,Liz Cheney,REP,H6WY00159,NULL,822462,636684,208440,9303969,20966
